[{"@type":"mappingTemplate","id":"@1","name":"Mapping_SQL_FF","description":"","autoExpireObject":false,"bundleVersion":"0","assetFrsGuid":"94eNpw5r7e9dnVk9c4ba2R","templateId":"@3","hasParameters":false,"valid":true,"fixedConnection":true,"hasParametersDeployed":false,"fixedConnectionDeployed":false,"isSchemaValidationEnabled":false,"tasks":0,"mappingPreviewFileRecordId":"@2","documentType":"MAPPING","allowMaxFieldLength":false,"specialCharacterSupport":false,"references":[{"@type":"reference","refObjectId":"@1wznW399h5he7i4NSHR0We","refType":"connection"},{"@type":"reference","refObjectId":"@6ULFzhDchWpb1N6dj1LdWf","refType":"connection"}]}]