[{"@type":"mappingTemplate","id":"@1","name":"Mapping_RESTV2","description":"","autoExpireObject":false,"bundleVersion":"0","assetFrsGuid":"c0vpxOmKfohiQzr16xSYAL","templateId":"@3","deployTime":1761927284000,"hasParameters":false,"valid":true,"fixedConnection":true,"hasParametersDeployed":false,"fixedConnectionDeployed":true,"isSchemaValidationEnabled":false,"tasks":0,"mappingPreviewFileRecordId":"@2","documentType":"MAPPING","allowMaxFieldLength":false,"specialCharacterSupport":false,"references":[{"@type":"reference","refObjectId":"@1wznW399h5he7i4NSHR0We","refType":"connection"},{"@type":"reference","refObjectId":"@80nvhYtOs4zdPkfTJL68yX","refType":"connection"}]}]